<?xml version="1.0" encoding="UTF-8"?>

<beans xmlns="http://www.springframework.org/schema/beans"
	xmlns:xsi="http://www.w3.org/2001/XMLSchema-instance" 
	xmlns:p="http://www.springframework.org/schema/p"  
	xmlns:context="http://www.springframework.org/schema/context" 
	xmlns:mvc="http://www.springframework.org/schema/mvc"
	xmlns:util="http://www.springframework.org/schema/util"
	xmlns:aop="http://www.springframework.org/schema/aop"
	xsi:schemaLocation="
        http://www.springframework.org/schema/beans 
        http://www.springframework.org/schema/beans/spring-beans.xsd
        http://www.springframework.org/schema/context 
        http://www.springframework.org/schema/context/spring-context.xsd
        http://www.springframework.org/schema/util
        http://www.springframework.org/schema/util/spring-util.xsd 
        http://www.springframework.org/schema/mvc 
        http://www.springframework.org/schema/mvc/spring-mvc.xsd
        http://www.springframework.org/schema/aop 
	    http://www.springframework.org/schema/aop/spring-aop.xsd "
		default-init-method="init"
		default-destroy-method="destroy"
		>
		
<!-- <context:annotation-config/>		 -->
		
<bean id="shoppingCart" class="com.fdmgroup.service.ShoppingCart"></bean>
<bean id="loggingAspect" class="com.fdmgroup.aspect.LoggingAspect"></bean>

<aop:config>
    <aop:pointcut expression="execution (* com.fdmgroup.service.*.*(..))" id="pc1"/>
    
    <aop:aspect ref="loggingAspect">
       <aop:before method="logBefore" pointcut-ref="pc1"/>
       <aop:after method="logAfter" pointcut-ref="pc1"/>
       <aop:after-throwing method="logAfterThrow" pointcut-ref="pc1"/>
       <aop:after-returning method="logAfterReturn" pointcut-ref="pc1"/>
    
    </aop:aspect>
</aop:config>
</beans>